"Tunif","Texp","Tnorm","TnormB","Enteros","Categoricos"
33.0671771289781,29.1556522516969,-1.95535036303761,10.1727881186637,9,"R"
29.8415307281539,28.7101260605574,0.0727279355500352,11.3806439002704,6,"A"
32.9575580800883,50.4984079869071,-0.704982010369039,11.4251082661172,1,"W"
33.4188226470724,5.37557189818472,-0.0290545365445695,13.2403564485037,8,"N"
25.9530285303481,3.40422241306056,1.46462441485968,10.9873444335236,8,"N"
31.0890429397114,7.84598951719908,-0.20520292843619,7.86698089822866,9,"A"
29.5961303007789,14.8790792032751,-0.589449458176107,11.1539093125423,6,"X"
32.9690674017183,74.5671847238581,-4.19142479069535,11.2100016040733,6,"V"
27.1696693985723,157.808156805604,1.98481697761889,10.5547929485095,8,"R"
28.6336296377704,37.745712668306,-2.71172469050867,10.0384755815802,9,"F"
25.9656980074942,3.0520468018949,-1.35472920826857,10.8529002229214,9,"D"
32.7549353521317,6.10085787191948,1.77128521892166,11.5200897611473,6,"F"
27.2335174144246,4.89224646706134,-0.0914254998554018,14.717181713327,1,"G"
29.6973642264493,4.75846198853105,-1.13748870700618,10.9701082830792,8,"V"
25.4010604205541,22.8071541069262,-0.117171476833273,7.17018255736928,8,"C"
33.2642636843957,8.26033948741428,0.935248939115099,11.1719101800647,9,"R"
34.9521474773064,32.8627593150798,-2.45157763755402,10.3564389571693,6,"V"
30.2754408167675,74.4542147740166,2.26067447622311,11.4595155908522,6,"X"
30.3619852242991,18.0869460571557,-0.909549155302622,10.1501991764743,8,"E"
25.0043922709301,86.903665954794,-1.91107362275025,9.74957107811875,9,"H"
34.4719145586714,14.250308945775,-2.78566096394751,11.9413036719191,9,"N"
33.6165930842981,13.8352382741868,1.17266222638191,9.81821197468016,6,"T"
27.41764748469,8.59680382534862,-3.91722236179089,11.1614286920308,1,"K"
31.1535978130996,110.548480761455,-1.03259416663932,9.60365810485529,8,"H"
27.6054604188539,10.6664631469175,-0.394780472370707,10.325958286427,8,"S"
26.4540051459335,21.2045653524313,-0.28257919463643,12.7064630356101,9,"X"
25.1615034765564,19.0367596736178,-0.745184568297452,7.82159129911603,6,"F"
28.0032301694155,126.79619874049,0.248154800966162,9.6004349720347,6,"H"
34.1843267786317,50.5257132957108,0.470725280208831,10.6570519818798,8,"F"
30.865154589992,0.991376414895058,1.00673916560548,14.457457225,9,"E"
33.0976073606871,50.0104908526194,1.06267086574122,9.60831780411485,9,"E"
26.9141040649265,73.0047110244076,-1.36291670736351,9.66351284525087,6,"U"
32.2935517108999,28.6464700599699,-0.253520574216539,12.277602910997,1,"O"
31.4541680295952,23.8311716445438,-0.375381225625589,11.2100781314292,8,"I"
31.6586801200174,4.9289685226044,-3.44238684359276,7.1003618457447,8,"Y"
31.8057784764096,96.0786623457327,-2.26471501596339,9.57104865215561,9,"U"
30.2692284528166,4.11147583276033,0.688786494021689,12.4444066793711,6,"S"
26.7903914558701,5.87936308700591,-3.3261871657899,10.1649930307827,6,"R"
33.2650725799613,110.711722929699,-1.88058527001017,8.49193384345921,8,"U"
29.1632182523608,20.931246158338,-1.21452518425709,11.0732004300787,9,"Y"
33.0380724580027,100.139466891612,-0.915449169322749,11.3382117617015,9,"J"
28.5846133762971,135.390648200997,-3.65030289170822,9.8776850308781,6,"U"
31.2153341947123,0.645867004059255,-4.27086558328159,10.0905975190002,1,"N"
25.8218284300528,8.34966957103461,-3.2252741992765,14.0262301184028,8,"E"
31.7315834737383,47.6544252944119,-1.21018836657456,10.1505969185429,8,"T"
32.1930081909522,5.21786802448332,0.500182645713753,9.91029587867758,9,"X"
32.0979158789851,1.14268850069493,0.444641401399585,10.3358678978323,6,"J"
28.9468728285283,5.91541829053313,2.74539648926997,11.2077145097435,6,"G"
32.0173097820953,0.667519180312015,-3.69475597846076,13.5640214830663,8,"Q"
28.9635270810686,10.4985886719078,-3.65460477670253,13.9216438882149,9,"Q"
29.020856465213,56.7898108784981,3.38769159213769,6.01696383398422,9,"R"
28.0230549839325,12.2084250859916,2.02219824736141,10.0353784617146,6,"Z"
31.8148277513683,1.78195559419692,-1.43331649570799,10.4013361039736,1,"Q"
26.4021540875547,21.5410317374829,0.381852519772646,9.76944993804004,8,"A"
29.8082069167867,13.6794321917639,-0.491993400771274,11.454694058805,8,"B"
32.0712023973465,24.9664344625983,5.22302718066496,7.74708447041698,9,"Z"
31.552183884196,45.6360581492014,0.00950848511494364,9.57037744090312,6,"N"
27.3795431409962,1.83563203168682,0.529029779299804,13.1762142469656,6,"Q"
34.5542245637625,12.0652795436498,0.775841365749501,11.3358765377088,8,"O"
33.7418692396022,0.761142116971314,0.288091271882014,10.8375350377185,9,"H"
34.293405842036,7.84016067471513,0.0453351969149665,9.43135561855265,9,"B"
31.5812470158562,8.43532507996592,4.35808769839941,9.06471936366768,6,"N"
29.3425882677548,74.9386037289541,0.232574944061638,10.3308496813686,1,"H"
28.6871814262122,12.1794262854382,-1.08051673860685,15.1109283399812,8,"W"
33.6923893447965,53.9770556216068,-1.09088381933084,11.1145767355874,8,"I"
34.9074691324495,16.664933511056,2.55950063717776,8.75988297666012,9,"C"
32.358390246518,7.34514537267387,2.31777715419923,9.10044456483863,6,"S"
26.8835369078442,135.122948542126,1.00357434726196,11.2980397621655,6,"A"
32.5866839732043,9.07238668296486,-0.775014255732497,14.8130495386264,8,"H"
30.232682575006,38.2529817294895,0.485924062526449,14.4503372825153,9,"A"
31.4034329052083,11.0463187890127,-3.25746013026075,10.6318957964179,9,"I"
30.9071958786808,3.78850375302136,-1.9059284486195,11.8891475871971,6,"F"
26.7687709792517,92.3893779465809,-1.32514788249172,12.4817769055582,1,"V"
32.8285806253552,135.842122708337,-0.745212906319932,11.1152393664085,8,"N"
31.9768221862614,18.9680770598352,0.915993457848643,8.38279844908431,8,"A"
28.1405900977552,0.338643032399314,0.260086688759305,14.1105203719942,9,"R"
27.9011942120269,1.68331687226518,0.814875341032633,6.76884136625499,6,"W"
25.5060233990662,5.32082599249054,-0.420467166090287,11.4229777594614,6,"E"
27.0888157607988,10.7380068534985,-3.36757409927675,6.97310907626812,8,"A"
32.2862614132464,6.64214577991515,-1.64105680356598,10.7573741328715,9,"G"
28.9559082547203,95.0735083171978,0.338612188403306,6.23370214842087,9,"U"
34.9685204983689,45.0701660265155,4.24639460651037,7.96654328160462,6,"G"
30.7311713020317,52.4806922835238,0.763833221733209,9.19409354872738,1,"W"
25.7988227950409,20.6738822115585,-3.47438585003913,9.84016182940849,8,"G"
32.2899081674404,4.58729797456303,0.907591710691003,12.4999092664348,8,"F"
29.4676473946311,18.0286765331402,-1.45036666019414,9.45176765454653,9,"Q"
27.8553866525181,11.0554264811799,-1.78905860629717,12.4596198358323,6,"E"
27.6824158686213,19.1220500646159,1.37840761522176,7.41495688614528,6,"O"
33.9935503108427,62.0831124273069,1.8445276290106,8.09238714158856,8,"Q"
27.5163644948043,52.2054375124104,0.505758939731507,7.70852757438773,9,"J"
31.140096669551,15.2997585665435,2.68985059453727,6.81278261004206,9,"Q"
28.6486754892394,15.9412076316149,1.26158200120313,10.3307397206775,6,"Z"
28.1921922694892,35.8416001088167,-1.67782147692996,13.3745914780949,1,"N"
28.664732738398,8.38547457994933,-3.48160977771373,11.1412612044425,8,"B"
31.3083592243493,29.0335956203256,-2.13857130315684,9.0324794003437,8,"O"
34.5799005054869,4.39342574791995,-1.36519785842951,11.5594638763653,9,"M"
29.8631304781884,2.33951055910438,-1.26354798315805,11.6489561115622,6,"M"
25.3609618335031,9.62762332521379,5.10117435965916,10.6152499840138,6,"F"
33.9003382483497,39.4075878045026,-0.682574931333625,10.8632314700656,8,"D"
33.703082264401,7.99478090900641,-2.8543454145806,10.2010156798018,9,"N"
27.9686434823088,102.772511462297,-1.18916697479786,9.32850061982966,9,"E"
29.8489332385361,20.5478235566989,-1.21856701750687,11.3604643760475,6,"E"
28.6779579939321,6.65514797399671,1.16130282798088,9.09632053610111,1,"T"
34.7080271784216,0.377271487716221,0.898231233688258,9.36058855657746,8,"B"
34.9689615797251,39.1875211043719,-0.0629532783084929,7.81643166905382,8,"X"
34.2541991150938,27.9268111899862,2.63501911923341,11.2665197689519,9,"A"
31.7620506021194,6.71481535262532,2.89199670848342,8.21160734472511,6,"R"
32.3057235195301,22.200566823515,0.519748709179263,6.53376060400522,6,"K"
26.3511655246839,92.54511527213,-0.978689784163158,10.2420195519728,8,"V"
28.535842767451,5.67914895247668,2.31259637891958,8.98878950857594,9,"U"
29.8684739763848,17.3425867734477,-0.221912402147034,12.9174156857397,9,"D"
26.8930306867696,48.656709694577,0.202492622018754,8.18326965300619,6,"U"
34.5933134341612,3.14886117819697,1.11347712443696,9.48342665677446,1,"L"
25.0593783240765,29.7452147599651,-1.80424466874138,12.3576147793541,8,"M"
31.7566102743149,1.04091952554882,-0.380922672357336,11.9544253834781,8,"K"
34.0742239658721,1.43650361336768,0.422687518228561,10.1909113942544,9,"J"
31.8078581127338,58.7842117597289,-2.80650573797273,10.5469615428019,6,"F"
28.611573218368,74.247277991115,1.79624549188133,9.9265182175369,6,"P"
26.0920559009537,13.9616584265605,1.54125773072221,9.32589465279468,8,"X"
30.4412850202061,4.24097543587285,0.935056666409401,11.8670730896538,9,"C"
26.0479959263466,1.56222599267759,-1.97210212306701,9.20747357504888,9,"F"
34.7913300059736,3.97923211223015,-0.844740841542393,9.69904932635026,6,"I"
34.2024281085469,45.2988392648227,-1.22915379641121,10.9519630500632,1,"R"
26.0634926706553,38.6890880750928,-0.963551632504556,9.15845682318104,8,"Z"
32.9791633971035,54.8952939664247,-0.958343472199501,10.1811660069118,8,"L"
27.1714349137619,5.00389306806028,-0.645550301596531,10.1704351729938,9,"N"
30.8469352289103,21.1122579638763,-0.721688275934327,10.6444493872673,6,"R"
26.6395447496325,23.7842423875514,-2.28858853712541,10.2975839741384,6,"O"
26.3371757930145,16.1298649711534,-0.858146180557572,6.47078626736217,8,"H"
25.2130387700163,33.6890023468498,-0.214550075103189,8.6665810355313,9,"P"
26.6973152011633,17.5349228270352,0.44975387001758,11.6264064250251,9,"H"
29.7488493961282,14.5108985435218,0.495467659777483,9.61198737665558,6,"G"
29.6876935777254,9.57768626511097,0.129106394376765,12.1306807508155,1,"H"
32.4864472076297,3.10575190465897,-0.70604879302449,4.91044598632174,8,"N"
34.4189211120829,13.5735411196947,2.48544791930823,10.034196882957,8,"K"
28.9279312151484,35.2103044452581,-2.08331692054136,13.4928270553234,9,"R"
28.1483505037613,18.4995488170534,-4.69666437108174,10.9782600819319,6,"X"
25.9111186210066,12.5876858644187,0.790056506398284,11.5606057779963,6,"V"
30.7626794069074,1.03090773611435,3.4842575408833,12.2590830370523,8,"K"
33.4618459339254,6.69753468129784,1.60497711996619,8.03246868224551,9,"D"
27.9442720580846,115.963116774843,2.60206627895356,11.7551614604197,9,"O"
33.3315158844925,3.68369893636554,-0.421024339464599,12.0421281934679,6,"R"
33.6178442183882,8.67562050931156,-3.27632893320656,12.4649567653121,1,"W"
30.2975156344473,0.302001032978296,3.84446355240709,10.9143657896919,8,"O"
27.6914725475945,25.7703204440389,-2.41113057070833,8.20871842371006,8,"L"
32.8967447089963,40.2766603498224,-0.00980395229588722,8.54217326399138,9,"R"
31.6528858337551,9.39855577424169,0.591892625385435,8.22246420982414,6,"E"
30.2010311745107,59.9826250945158,-2.21253584416342,11.1222555293299,6,"J"
30.1059434632771,7.55957887507975,-2.49275916852604,9.70233726157811,8,"E"
26.3507529883645,0.440374282188714,-0.778510331985749,13.6960757141527,9,"F"
27.0008294656873,17.075944324024,1.16315900281649,9.26050326702539,9,"W"
25.9429734898731,65.8304007127326,-0.842950602185855,10.4568366361863,6,"B"
28.9738681656308,37.4715554235939,1.14697293896339,8.14496807181116,1,"K"
34.886375577189,39.1132798219535,-2.46006324962359,7.31367621583848,8,"I"
28.7288723979145,14.9786801822484,1.38751034673463,11.8517443629196,8,"B"
28.16937005613,56.5040118967123,-1.44089703115656,12.8732425967592,9,"U"
25.5138180614449,62.4166666864793,-2.29038078879956,8.57239487672264,6,"J"
31.8628791323863,47.5419498580513,-1.47917978990285,11.1658544634482,6,"V"
31.2447896925732,10.9145432771934,0.708484662102728,5.38026457990829,8,"F"
31.0531826759689,15.1088778488338,-1.2697044931726,11.5210183094004,9,"T"
33.6473012086935,66.0550117801195,-1.44155429552173,9.11832261027119,9,"V"
31.0541526344605,20.2262884983793,-0.160495254427046,10.4418359654564,6,"U"
34.3401287519373,58.6604979981608,3.47162535434555,9.24690175435471,1,"G"
29.2337851738557,6.466009542346,3.46029698560629,7.02158273892648,8,"M"
31.5014469902962,1.98788469191641,1.08258747560911,12.336242509363,8,"M"
34.8742811917327,6.14635228179395,-1.52762870760469,13.1638193598513,9,"L"
29.6568562230095,26.4138086779479,-1.55217907901338,10.9495230901303,6,"G"
30.0838549342006,38.6460995568398,-1.75426546706272,7.75628378294892,6,"P"
34.1104809567332,4.17411101895555,-2.06792859321995,8.74282159960763,8,"G"
27.0691368728876,43.9673884979868,0.445768763598779,7.44356071899082,9,"Q"
30.6951429718174,11.3235809560865,4.61347913092848,11.6410722227282,9,"K"
31.3445751671679,27.1781769754801,1.40179846606335,9.60295171030436,6,"R"
27.2648931178264,25.5752890133066,-1.73101048330425,9.39899161678729,1,"D"
32.7699496573769,60.9671471801527,-1.40216295932787,7.2262237364891,8,"N"
28.2024804246612,1.28992351855055,1.27159093803683,8.22520557838414,8,"J"
29.8618851671927,59.6989353907235,1.23436168281242,9.38920533934734,9,"Y"
33.4123372309841,39.2236067079978,3.90204227253208,10.3194456743047,6,"G"
31.2121825502254,49.3405908507235,2.19610883315676,9.13687334920298,6,"C"
25.6511822948232,17.1150983171538,-0.988458668646094,7.45021109471936,8,"K"
29.87777588889,13.8983629457653,-3.61282981465798,12.2707089955738,9,"X"
29.6997285727412,29.2089462667605,0.632289319100686,9.41651662738079,9,"E"
32.255491502583,37.4680889757786,-3.20343919555203,10.4183099365803,6,"S"
32.0248969690874,8.03103434387594,-0.418553337639533,12.9980096126287,1,"G"
27.1755031985231,72.2761441255253,-0.0578004238387891,9.79515521343091,8,"M"
30.9728825627826,22.5175062740657,1.93296787939868,9.96482649415694,8,"G"
25.9778309450485,58.8379911680646,1.10579650623296,9.72772316193566,9,"H"
27.6974348211661,35.6149286112253,-1.81577645679014,8.35456732637371,6,"J"
28.8636452890933,13.0921503630734,1.93593752917766,10.6716676878983,6,"C"
34.2111162678339,27.8860348729852,-0.210774040149382,8.06929367067654,8,"H"
33.6908493423834,6.67851549740131,0.0065570068678174,8.95927798590795,9,"J"
31.8128810683265,19.9771181400865,0.0256233397967944,9.91139828139813,9,"E"
29.4008267717436,10.9012007040194,-1.31854504445862,8.32211316639957,6,"X"
25.6545321643353,15.8726101135835,-0.87442763300335,11.2056602640978,1,"Q"
32.6490759802982,30.137686979628,2.25162122299898,10.3940863398311,8,"Z"
25.7554636127315,0.84093224722892,2.65509291694202,10.826746862138,8,"S"
27.4752781959251,10.1647507168312,-1.35103094701189,11.5609416579606,9,"V"
25.3873940464109,35.6355710594419,-2.42536783575768,7.69023281075315,6,"O"
26.8265808722936,53.0493487073221,0.746749193415654,7.2851625139466,6,"F"
25.7116945413873,11.5951944328845,1.9691486291869,11.0525235115196,8,"I"
31.0209876345471,39.41914871209,0.812768070028571,10.2229591096337,9,"Y"
27.5981956557371,30.0352433373049,1.36142428564251,6.79013615267974,9,"W"
27.2805805830285,30.2608268043462,-2.20779354446469,8.4517125817829,6,"L"
34.5331289083697,67.6165105146555,1.07616812396413,10.6190665723925,1,"D"
26.6669636499137,58.6310489077993,0.0497557336733859,10.1727249776028,8,"U"
33.0107417679392,3.33354058203469,1.04971649046511,7.19592569768987,8,"D"
32.3276841989718,6.6229019779712,-1.1951660909697,9.65410902171356,9,"L"
25.7440654770471,1.76484793686889,-2.59548341558305,11.400451678044,6,"S"
27.9993868106976,2.84483014081021,0.714347867951687,10.6520342319583,6,"X"
28.3612954267301,31.6179854355883,2.23593022776806,9.97312661433428,8,"M"
33.4317142376676,8.63641017582268,0.100891840669546,8.00251959047533,9,"K"
31.2477415404283,51.2271881637104,-0.600775342920107,9.93406390753166,9,"U"
25.1617798418738,72.9205734803717,-0.34194140414043,11.221608640031,6,"O"
33.4713033027947,0.782590555027127,-1.81754792133461,9.89421093774952,1,"C"
33.9427223731764,0.536053176037967,0.876977586269724,10.8577247098817,8,"Z"
33.2339333626442,40.0617773538891,2.93007456073817,13.2074171431132,8,"Y"
25.1383301033638,9.16701201349497,0.237687196994461,9.31047029888358,9,"O"
34.5593036990613,43.8802586239115,0.794582541332333,8.20962352119187,6,"T"
34.9573305132799,40.2038375089381,-3.01833017453035,8.01850865145999,6,"G"
30.9466095571406,21.4267074852886,0.729769812587609,11.8854088016637,8,"Y"
33.5751968249679,11.3334641559049,4.57804370203911,7.84687311643097,9,"S"
31.8204195937142,12.2709512198344,0.110662327513108,9.17603487817392,9,"Z"
29.1548704286106,0.724010048434138,-1.486178573389,12.78970540535,6,"K"
28.7921914784238,52.4304855217166,2.61815947948712,7.93893339830105,1,"P"
28.2574095251039,13.1828164524577,0.94910952124678,9.52386757159772,8,"J"
34.3076881277375,34.0898243697796,-3.6689319125245,10.9566975992122,8,"L"
27.1866860124283,13.7277965666726,1.98124305509999,9.8721413529127,9,"F"
32.8138976194896,15.5877697002143,0.995906304058605,12.6681719428366,6,"M"
26.3163735764101,4.44196848953907,2.1900786981388,10.3475601257953,6,"T"
30.7081264071167,6.6265913983807,-2.85865161178112,11.6314902886934,8,"Z"
25.4080646065995,20.9350119696871,0.869661406475027,12.7950872348563,9,"Y"
34.609294612892,122.813741577076,2.88679457149673,11.404968384436,9,"I"
28.0114769702777,8.96782488562167,1.50377206394876,9.56685523833869,6,"I"
29.9346472579055,32.2975233566408,-1.5258025214709,12.1102298040814,1,"G"
34.1518389433622,47.4182767395802,1.0130530907669,10.7370115934734,8,"N"
31.8574134446681,10.9921348979697,-0.597824146317335,9.97281902000137,8,"T"
30.2034249017015,33.1960819534709,1.53290844997339,9.71270723837617,9,"H"
34.1066784737632,7.7405319449037,3.08496485680212,8.07884424816829,6,"T"
28.4611694561318,22.9178984171215,4.0946957799292,11.2158669984326,6,"W"
31.9126889319159,94.9571841488138,-0.563166373525684,9.76796350561994,8,"V"
30.5250802729279,110.403524798559,-1.17708324014978,10.1542479213847,9,"A"
29.5861846255139,24.994663762531,-0.304241065744898,9.13843207278288,9,"T"
32.9458003491163,41.3392624339525,2.07118341695932,10.9612009725445,6,"E"
27.9608239093795,25.8055171171639,0.89122153443419,7.65486797917481,1,"N"
32.0889426697977,6.34379573632032,1.21565155286549,10.3924654049628,8,"M"
32.9988625296392,10.4434804804623,-1.06335609501856,10.9820744840539,8,"I"
31.8125449167565,42.9727376413472,-3.47395082531154,7.27915230611642,9,"B"
27.2432192997076,19.5619234861806,-0.779232176738885,9.04170365869227,6,"Z"
30.6661597383209,1.6760660488962,0.162297473047472,11.4543458776657,6,"Z"
30.1590933906846,25.7305530073557,-2.06930577465471,10.6115593111849,8,"A"
31.3101690053008,34.1280698204849,-2.53817463364014,10.7772099008682,9,"K"
25.5593140050769,22.0532558473263,4.76616785091703,9.22873356808792,9,"J"
27.0292031625286,27.149626424194,-0.287195992071958,8.1307982588452,6,"Y"
32.1810073079541,21.2622450279508,0.816477666552198,7.75620196184063,1,"Z"
26.3389759766869,3.21205638240454,-0.0421902329064196,7.83293463780239,8,"X"
33.1880094786175,17.8478638362139,0.402429307456212,7.5900535784105,8,"H"
25.3269025194459,33.8495689989868,-2.555094091013,11.6010756095311,9,"V"
27.7508759777993,29.1451124834333,0.423617781468885,6.98815980687318,6,"F"
32.8416381170973,23.9342143187735,0.427906663274778,13.5668907409136,6,"F"
26.0834400472231,16.1076930211857,-0.796667238851276,11.0166224619376,8,"E"
33.1999448826537,11.7463708575815,0.841693690390283,9.38615986854538,9,"N"
29.8433088115416,46.0937497925885,3.24546610384983,10.0886439548875,9,"C"
26.3517726422288,4.00079815182835,1.93388583036515,9.40039612989858,6,"I"
30.1134809292853,45.1188334987107,2.19986092045607,9.10880138118641,1,"U"
28.508236783091,3.96153785691172,0.0380877245573764,10.1824346968276,8,"R"
29.7505370993167,6.22480089070091,0.667490812487666,11.2500114146788,8,"V"
29.4007370760664,26.9030911276553,0.551800283785241,7.73490048529281,9,"H"
33.3522811089642,9.53685871325433,1.02265024007406,8.82104710607569,6,"T"
27.318404968828,21.9846365308825,0.106720935466586,10.5965002809779,6,"S"
30.6017238693312,13.4870161861181,2.26646017361359,12.5720951925754,8,"K"
31.4708707015961,27.7048468498407,-1.20588443755023,11.1829179676549,9,"H"
29.2945310100913,8.95051399245858,0.547455875491972,12.2567536878284,9,"V"
30.2140326681547,3.91716399695724,-3.63973562098225,9.59745880393541,6,"Y"
33.3773117512465,144.094023063668,1.45382030161614,11.0832772941038,1,"V"
25.508373666089,16.4838804490864,-2.03822214983508,8.92824194645357,8,"M"
29.4622098887339,15.031705550225,-0.342562508415046,7.60206757183722,8,"O"
27.7918130927719,14.6587331872433,-0.379041639641616,8.18297599396409,9,"B"
26.8713601236232,2.63495756691301,-0.463102362819057,7.79648912445625,6,"H"
26.6877583018504,31.830603488392,1.33685813757846,11.7265218088542,6,"Y"
30.6898843543604,33.0227313178096,-0.645914621551363,13.1764921297753,8,"R"
26.3219065358862,7.37913195043802,-0.906486152820788,9.86373977039346,9,"W"
26.0494909971021,18.0528796697035,-1.3218834436823,11.9297438627572,9,"D"
28.0320182163268,5.25567447301,0.411111167641439,11.9991988141708,6,"J"
30.6953583820723,7.978848782368,-0.907619019550404,11.8344235057418,1,"H"
32.6121724373661,27.7236685535413,-0.471520129945862,6.44000397815416,8,"Y"
33.5388770629652,11.1619635889278,2.081836078504,10.0799791217397,8,"V"
25.9026159672067,30.5941669630323,-0.947663899836241,12.2060700681007,9,"W"
29.3790730182081,8.04135935381055,2.99927472742954,8.99451659812934,6,"F"
34.049107991159,42.8434434423086,3.66762351765011,12.1919003777569,6,"H"
29.6491931704804,38.5182945045147,-1.3392319481017,14.4955991413982,8,"T"
27.6709427824244,28.2485027039859,-1.38271546393562,7.8272273006858,9,"Z"
29.478726030793,39.4646450678322,1.6165028204908,6.0467607011031,9,"Y"
28.2910381513648,8.32937162849973,-3.18298096066262,11.8894968712489,6,"P"
25.156855257228,11.8404734737013,-3.75055650004743,11.4202589917134,1,"H"
26.6741494135931,28.2121228693489,2.09294769145206,12.5993419289389,8,"H"
28.2689804490656,4.27663754671812,-0.291619655698098,9.03812621928011,8,"J"
28.7175701162778,10.0941832777481,0.488436039226055,11.3152987762465,9,"Z"
26.337975396309,184.254197060074,-0.929234467388411,6.34796762008756,6,"Y"
30.9195697540417,23.9821918031237,-2.40213641546336,9.20372515095256,6,"O"
34.7845222987235,3.13982015335925,0.322217011784028,7.62464000948595,8,"N"
25.0331515003927,24.5225523399625,-1.2691350784177,8.19891881561945,9,"Z"
34.4564102659933,11.5864715607546,0.658834242842007,9.36870838681249,9,"A"
30.4075032309629,50.0736433242388,-0.057502962574739,13.2870662729061,6,"F"
29.5145874214359,8.861482758075,-0.422277802917019,10.1663128341249,1,"D"
27.5462407362647,22.2484938415203,-3.11807494743748,10.5017673044387,8,"J"
33.2197122578509,13.5609673848376,-1.31830523570706,10.4827110853488,8,"Z"
26.1983321700245,3.2047007146829,-0.521683884692105,9.9741183318631,9,"M"
31.1043247510679,3.20825106739721,-3.50146285805047,13.2656459292608,6,"E"
33.282895651646,31.0325035626505,-2.03324456708836,11.1731207615768,6,"Q"
31.9087437377311,56.5848629705788,-1.8474662589051,13.0102846897708,8,"Y"
28.0687353992835,31.0420309646491,-0.761095499401516,6.94863996409315,9,"D"
32.41630096687,10.4802743671462,-2.9521560237141,8.27018589786745,9,"P"
29.3798100925051,33.644932535148,-1.95512815394116,6.98456885763314,6,"O"
27.4556450196542,30.8071251666609,-0.371661816511802,13.1784752329709,1,"P"
27.4914718931541,7.86304647572044,-1.59237477326099,9.06992882567428,8,"E"
27.9346056794748,143.174411609658,1.99262857458966,11.6887343382296,8,"C"
33.0492299585603,15.0262143602595,-2.79498513172487,14.5686741979603,9,"M"
34.3477949779481,4.10682662855834,-2.76550835402699,7.77259238352107,6,"K"
33.9216878265142,51.3193883162863,-1.45775431408146,9.12308111962087,6,"F"
28.538085592445,59.9593282652028,2.9132715032149,7.05557329788686,8,"U"
25.2115633664653,35.7969619507406,-1.30545502106375,7.212909883346,9,"N"
29.264507368207,42.946480491472,2.97417353410713,10.1317572344839,9,"R"
31.217820586171,5.61018814610527,-0.903381494155109,11.2933888430381,6,"O"
31.1615916248411,60.5286794875689,1.69143175359055,12.0238635473446,1,"W"
27.9054923029616,9.57661472260952,-0.341500549678209,8.5716539883547,8,"Z"
29.517005328089,23.0122466000233,1.13251937542717,9.1460811900791,8,"B"
26.8083941191435,44.9710041331198,-0.705019119933787,8.86326362833845,9,"J"
31.3743110769428,47.0714564409978,0.70188162544709,7.19394284961331,6,"E"
31.1321484553628,39.2649033653054,-0.888694699516996,10.7082313903938,6,"P"
31.6591106890701,15.3235073987613,2.55323542735997,10.3419479270871,8,"Z"
30.93352654716,5.08140245452523,-1.4130953232953,10.8613333467609,9,"Y"
30.0103078433312,27.7666024442579,1.31826773568156,9.60090565421697,9,"D"
30.2043834188953,30.2452739036146,2.34683706370663,9.5539221894365,6,"Z"
26.4691565209068,75.8841301276724,-1.08931657674289,6.53285955848671,1,"F"
28.8638507761061,39.4216615507815,-3.00266919356875,8.84645733218694,8,"R"
34.1558621264994,26.5672919420961,-2.86470723574994,15.6786374405521,8,"L"
34.492746302858,1.46673659328371,1.44617383442809,9.38037721256375,9,"M"
26.7701827711426,7.23881939426064,2.21874492921305,9.58716961911167,6,"K"
25.105218635872,14.399750456214,2.89255975188203,11.8222851972574,6,"W"
32.2556134779006,28.101413323215,0.0451748705381913,5.92101150053808,8,"G"
25.5703625897877,9.19996240641922,2.89168784818055,9.88519690534175,9,"X"
33.8876903662458,49.2889042918511,0.495586821795728,8.36849695076269,9,"M"
28.8102207379416,31.0945921192381,0.204034419664124,6.97030693422189,6,"N"
29.7938379575498,10.2164067327976,0.565326683796658,10.7623383401794,1,"Q"
26.0804299055599,12.7564464462921,-0.0299017712590308,8.56804421405113,8,"T"
27.1013196068816,36.5803381974313,4.35931355890238,7.26642237053513,8,"I"
33.3057389617898,46.4479872757733,-1.71548790239956,4.08617321783063,9,"O"
25.6029801629484,23.3057913111972,0.111230782089611,9.03672460495364,6,"V"
33.8059093756601,14.3838755926117,-1.13552945224667,10.659107999738,6,"X"
30.2314562746324,10.4938228754327,2.62990454880215,10.2873120713631,8,"V"
33.5368315782398,0.865511102601886,0.987765820587681,10.7008154610765,9,"R"
29.5876088063233,3.26176445774682,1.81697063604012,10.7497287795446,9,"A"
29.7667714301497,0.268025512042407,-0.64254470711899,10.8048307209071,6,"N"
27.4507011310197,102.677055890287,-1.88669655665132,8.93581436535872,1,"U"
30.5094587383792,5.5134450411424,-0.919021268943096,9.62775707509199,8,"Q"
29.8742846236564,20.6777279125527,1.41993977789603,6.43594234781969,8,"B"
32.3283540550619,62.7152281775515,0.783401430559536,11.7072075361235,9,"J"
29.5608076965436,11.4679239084944,1.17220187386784,13.2490762797734,6,"L"
28.7412937916815,0.944928060992161,0.326694646311459,9.56603717037702,6,"K"
25.9623595071025,5.23995226881321,-2.74430888664817,10.0826997152635,8,"Y"
32.2431787010282,29.0395600988034,-2.72537021764449,8.36315950966834,9,"E"
26.8231187737547,14.3100827140734,1.90134171765603,8.64975063286191,9,"D"
30.4839223995805,8.08933085761964,0.222334723057619,8.03876435282501,6,"Y"
27.8918451932259,11.0206239168907,-1.09954135509213,12.8325455306579,1,"O"
34.8664510180242,33.9142139498012,-1.72831729905877,10.2837881151095,8,"B"
28.1079472508281,104.364421761784,-0.136148962692022,12.5189014795337,8,"E"
27.2994830482639,19.0860507683828,-0.744168233252543,9.61668435478247,9,"Q"
31.6794244525954,12.6771184373537,-0.353008856437379,7.40382377596709,6,"K"
25.1394102792256,0.105339190922678,1.29164668512235,12.983918907529,6,"P"
32.7218058868311,50.5249799203999,1.87132516788291,13.0406835051947,8,"V"
31.7115596611984,21.3838137699789,3.10046694859829,10.7008880327629,9,"T"
33.2980544259772,31.0573693445388,2.92155843776254,8.73492262335393,9,"A"
33.0808629863895,22.9767321468275,-1.44341388211785,7.21160955695389,6,"O"
34.8010498774238,14.2758594593033,-3.15695507042202,10.5931550595187,1,"X"
27.8677328908816,18.7267021788284,0.0338993844402596,12.9231305811883,8,"J"
26.8067243206315,42.3752235037215,-0.00851950637869521,11.4503208445191,8,"H"
34.1274001775309,20.7548651425168,-0.110677255899268,12.7163586593861,9,"I"
29.5292933471501,1.21076773168481,1.07869541060702,12.5857125600116,6,"Z"
30.3543900861405,8.10574259436633,1.68688521763672,8.30203147325388,6,"F"
34.0991133963689,20.486056082882,2.05666349362196,10.5516914748108,8,"B"
28.5770301194862,27.200851878857,1.93110950557211,11.058291141183,9,"B"
28.0548829073086,1.66700614602625,0.930074277908515,9.62972088991263,9,"M"
32.4994090688415,41.6250676999023,-1.43517498322412,12.5173003954122,6,"G"
30.7215540879406,131.317704871186,0.418844106747474,11.4843065297833,1,"E"
31.0058435378596,55.8574663077421,2.20818979293097,10.3218353798366,8,"R"
30.8709589438513,15.2274370752275,-5.51723454618924,15.7100174561398,8,"A"
31.6036756336689,36.1764786845509,3.92519305141454,8.38610938580118,9,"T"
28.2822523266077,31.8509824375126,2.22949905172535,11.7111421885234,6,"Q"
32.7100708708167,39.9379969841305,2.50263784681898,6.04257772792008,6,"A"
29.5569808059372,14.9344035610557,-1.90727204251512,10.1971013461906,8,"M"
30.7265051151626,6.55334071721882,3.1555374928899,11.7565672156221,9,"K"
33.2870777952485,10.1544005563483,-0.700348105750168,8.79956790846844,9,"H"
34.0622628107667,6.0805418388918,-0.611014969631921,10.1953613515943,6,"K"
27.0025775115937,13.3286935044453,2.73832282079571,7.27909411035392,1,"U"
32.4492984358221,29.0167299999002,-0.791805348349191,7.12240308568035,8,"T"
27.9638361488469,11.6237541980362,-0.0534877130642666,8.54089803831449,8,"M"
28.48966171965,11.8476946139708,0.37279246833804,5.85140096273889,9,"H"
25.2838375046849,3.12309443950653,-1.21742579026281,9.01596401341616,6,"B"
25.5873837205581,1.59569713287055,-4.45506863459331,8.39116202420705,6,"W"
27.7972655231133,12.105219480537,-3.29300779118497,13.867057747331,8,"M"
32.1362542314455,20.6630735937506,2.89716864717809,11.6933351027245,9,"Q"
34.8956589098088,26.2870589072321,1.35412937525721,8.3235635730986,9,"A"
33.5325634363107,21.8895810271118,-3.12809493354602,8.94576795991851,6,"N"
34.5681323646568,6.44174505025148,2.29075066719189,12.0639984753881,1,"L"
26.8340510851704,21.7903969051752,-0.594550736421809,13.0300853638963,8,"A"
32.0616232114844,13.5221619252115,1.33368395097098,8.77353656668392,8,"C"
30.8893447183073,11.2870261073112,-2.25709524347664,11.3025662346088,9,"X"
28.2758815516718,12.5179084064439,-2.74476143286945,7.61714832270759,6,"F"
29.689918695949,16.9555961340666,-0.0181978564505194,10.5734011760381,6,"Q"
32.1235404117033,16.2728436291218,2.98365500845233,12.2319825709575,8,"P"
27.0198160130531,124.374737155842,1.16004957677594,9.94302149759629,9,"O"
32.4052658630535,9.75146926939487,-2.68127860764453,6.74194912046492,9,"O"
34.2453393968754,7.37031006719917,0.437614099945342,11.8386711445093,6,"Z"
31.6471816878766,0.150959850288928,0.349336407672524,8.09531024918507,1,"E"
29.0024153282866,118.65748212974,-0.105142627931737,9.91209386147033,8,"X"
33.2169509795494,21.2370010545913,3.88378342939096,10.8558414234915,8,"R"
27.3614223743789,50.5608361635355,-1.31576754143333,9.77504723962593,9,"A"
28.5708336369134,32.4011068948364,-0.297528426534302,12.6108831787064,6,"X"
30.4490435938351,14.0837461547926,3.29364383673123,10.9432640048812,6,"X"
27.9232567059807,20.333607159555,2.0542674429825,13.1317272346878,8,"F"
30.9318571677431,25.0675833585177,0.402077712671705,12.5767572509679,9,"Y"
32.1170539082959,38.1190535320405,0.72968765166377,10.4407861102455,9,"A"
31.4924647868611,26.9476242630247,1.78503062975263,16.0326563935723,6,"V"
25.0583075731993,59.7254653436072,-1.28920565608743,11.1787833899299,1,"N"
34.1100219730288,90.1918165115946,1.00475625132856,8.38986502461335,8,"N"
28.0919194314629,23.3530762982274,-1.36604663762386,9.0198328494675,8,"B"
26.5731145208701,50.3444262985398,2.02283401168401,9.57739577576709,9,"F"
26.8784668389708,14.8989991267568,3.65223401576685,10.9870323687148,6,"A"
34.1671373555437,112.627936613964,-1.75135543551638,6.5057220528599,6,"B"
25.426245147828,11.2508878670633,3.1548854997681,9.78218271193241,8,"P"
29.5461029023863,15.7926842523739,0.496886637517152,10.0979540888184,9,"V"
32.7687148423865,27.798347479286,-3.00079875066177,8.05918554305064,9,"C"
33.7663475470617,102.074468130793,-3.33500836597298,12.7243322016958,6,"X"
26.6055981325917,5.84178996272385,2.35933721748603,8.22799099687161,1,"N"
30.1888159173541,4.00817681103945,-0.467477191323594,8.27905622674135,8,"U"
28.3493067091331,12.0647644903511,1.63450951874661,10.0745156589577,8,"Y"
26.4730684878305,40.0480370397184,-0.775366196859774,7.93315056681256,9,"Q"
25.3192485985346,26.5277463743899,0.143700528169722,15.0458391872916,6,"N"
31.7996927537024,29.3390365863655,-1.11300257955152,8.71559307459611,6,"Q"
34.3781297816895,7.80563094850412,1.52833293513971,6.63345537109903,8,"C"
25.6606113910675,110.262485828049,-1.99467482062326,9.67980825739583,9,"G"
34.6658783848397,22.6848184675427,-2.3625632369904,6.99228137672232,9,"O"
31.4788011997007,3.39496029540896,1.19742555397105,9.00021440433227,6,"J"
25.6428698915988,5.88614175561816,-0.271747231268623,13.5184290628081,1,"H"
28.7538496498019,23.9524872309033,-2.65597022721632,8.24860507413798,8,"K"
29.8886078386568,27.9389389775683,-1.44533758624847,9.45121544184679,8,"F"
26.3193482882343,13.4692801329855,0.964192695527165,9.83012077162129,9,"I"
29.8897535260767,48.4890267852687,2.83061928808311,9.13699004479724,6,"H"
34.6798791177571,7.29941981378943,-0.00915643822398541,8.63365874093366,6,"H"
31.1147249070928,23.6291917999941,0.354180094495443,9.40880770024114,8,"E"
28.8521193247288,8.48214774963795,1.76374571491876,9.26003350068367,9,"V"
27.5666901352815,15.0130965560675,-1.57061751883508,10.8097401555008,9,"W"
25.9124423214234,17.3017209573349,-1.66683540839101,8.13237740552608,6,"N"
28.3873282303102,108.180489403414,-0.46678805063517,14.5619165748293,1,"H"
31.886149730999,56.2315223154552,-3.3801474114436,10.6965251407005,8,"M"
34.1839812835678,5.75740791356176,0.822651452994073,12.3855597524184,8,"Q"
28.4271300723776,14.9943395890296,-0.169709184004233,9.79614154186363,9,"W"
29.4460678845644,10.3655089437962,-0.882541472852892,6.66353232056433,6,"M"
32.0988434902392,2.46369914631389,-1.71878559040857,11.0564500946867,6,"L"
29.4996224134229,21.3025624851201,-1.17912824277928,11.3920817063977,8,"U"
29.4520465563983,9.95535812806338,-0.743829901243493,8.340724789969,9,"B"
27.6622482459061,16.4162299968302,4.87303893569934,7.42048598163573,9,"Y"
29.7551616374403,31.724038569859,-0.36571176319819,11.256364599005,6,"X"
31.7101761046797,85.003248895134,-1.0802486502374,11.0676635504396,1,"R"
29.1606167890131,0.494735972779168,-0.917410805899044,11.5279616535477,8,"B"
34.6774274786003,12.8714426094666,-2.56391573267616,10.3904315638263,8,"Z"
27.2207175055519,6.51420038659126,-2.99297267566828,14.0927355406476,9,"O"
32.2042459622025,9.75016767159104,-1.34347051546392,8.80259287569096,6,"W"
30.917504276149,105.846881589968,-0.249632518694346,8.11219158913783,6,"N"
25.1874183933251,8.03531619720161,0.905602592013187,9.53529967291849,8,"V"
26.0655632289127,14.4567812466994,-3.05419084837726,11.7601671202674,9,"Q"
25.5114100780338,11.4402996143326,1.9477998024867,11.0580029258632,9,"H"
32.4643232976086,34.4894002551649,-1.01267223326962,10.5189426806744,6,"D"
32.2399764927104,4.72873614364516,-0.943988321597446,6.62585010708794,1,"A"
25.6439109006897,11.4508595954969,-0.497623794402844,7.91156492018304,8,"A"
31.3113241968676,13.2854797956633,1.87954121688944,12.6980107009471,8,"T"
30.1770399650559,36.8599543471554,-1.11997734818977,7.26700975776716,9,"K"
27.3774809925817,24.0258001896057,-0.0522095556402931,7.21214745761574,6,"K"
29.4620477641001,19.8887174762785,1.14465348785168,9.30895020571762,6,"P"
25.8459249907173,8.12435123962391,1.37932619380789,11.0459018015011,8,"C"
29.4203140516765,34.9609683276206,-0.544387093185939,11.1499101057054,9,"C"
30.5677689495496,19.7882931120694,-2.27070868142951,15.9617698060567,9,"H"
27.700946230907,74.7073676958125,-1.31951362552572,9.04551561621346,6,"Z"
31.309356300626,11.3138979873579,3.25873074845493,8.9735428291323,1,"L"
34.4326579011977,13.448125868782,1.60714880871127,5.17157883034691,8,"G"
27.6043404405937,42.3554054525727,2.92066743612849,8.91319564197935,8,"W"
27.7723894501105,8.45364220440388,-0.403066102396734,7.93041938307153,9,"M"
33.2634776760824,48.3819576700158,0.916090749427726,5.57849559700005,6,"O"
32.5762056838721,36.1685519466612,-2.71738703433328,12.1990630161702,6,"L"
29.6215518098325,93.2664408484354,0.0775967452977573,11.1204237225521,8,"K"
28.3676710259169,43.5679815375219,-1.39766069900077,9.05753396114478,9,"S"
30.5028235306963,67.9909818767946,-1.06130703003425,11.4091953469408,9,"I"
34.6027070377022,60.3562570338078,-1.28897369567796,12.0004628970833,6,"H"
32.9583165701479,61.6517787401505,-0.96909517052223,10.9249315272943,1,"W"
32.0418214495294,10.7214569393545,-2.40286580958214,10.0189795655335,8,"L"
33.0877805082127,45.0810656240447,-0.251602737128691,7.35112903564532,8,"D"
34.7675175988115,64.4933329298537,-2.39009116519304,9.25729988529898,9,"U"
29.3716472573578,0.974713638424873,1.02158063489106,8.65274684632896,6,"R"
29.5530940312892,63.7434019296806,-2.10092033926309,12.4817158783138,6,"H"
26.490474070888,5.39393560029566,-2.42653047304979,9.67275314178043,8,"K"
28.2063044584356,42.9370688972954,2.47468119141276,11.0187394664288,9,"X"
25.5908843339421,12.82020308543,-1.69389735560532,7.53714711418759,9,"Z"
33.8223708514124,24.1120013023231,1.11576423169699,7.43313832097686,6,"G"
28.7808543420397,9.98607728630304,-0.988177219164762,9.07847536933462,1,"N"
26.6760383266956,58.0447364573307,3.6437729735606,9.82665681224418,8,"K"
32.0821093441918,0.970808822874929,-0.719361126387401,13.2021527553339,8,"N"
29.0663725091144,12.3506113467738,-0.899428107093417,10.919294222761,9,"C"
33.0100693227723,4.06169847270304,2.21852680554575,8.74088077626295,6,"P"
29.1537755238824,31.0821198487489,-0.414859593164758,11.360085250587,6,"F"
31.4939160854556,33.3324331963871,-1.44605422315314,11.1924693718634,8,"Q"
33.6392560834065,26.0777136477989,-1.34375512559336,10.7713705260834,9,"J"
29.8378033447079,2.67972950823605,-1.15124903591919,13.6073386806924,9,"A"
32.3068968905136,2.36333758086395,0.17700995974716,11.1967320131727,6,"Z"
28.9226500410587,2.47539679985493,-0.130186965384275,12.0586168501235,1,"Y"
32.4898818857037,17.2546676918864,-1.32696390034243,7.39046906585297,8,"U"
34.4873768766411,7.92149540368323,-1.92799136324965,7.77754353872991,8,"R"
28.8035503774881,68.0045980953541,-2.80551837688661,10.6055097744415,9,"Y"
31.1842656624503,17.6419793022797,-1.60026228223943,10.806438317861,6,"R"
31.2867081887089,30.7546613539074,-2.71888620259356,11.3994241279876,6,"K"
25.5242405855097,21.4861574011359,2.92318441022842,12.7833604002027,8,"A"
30.4337512725033,5.36701555363834,1.50837241176749,12.6781639415436,9,"G"
30.0311829266138,0.778973113659901,1.52429482167992,8.97705673387193,9,"B"
29.8807000555098,14.2948617786169,2.00006137021036,11.8469957652238,6,"Y"
33.2607346773148,43.4049842321906,-1.66635969545709,11.2128512986906,1,"J"
30.8084437181242,53.5364628930516,-1.06588152765328,9.31642922975371,8,"O"
30.4214314022101,4.15018302854151,-1.69483431397397,8.7177867985199,8,"S"
28.4681766503491,8.9159411424771,-1.30764970276615,11.6340154470705,9,"R"
31.7988840164617,32.2259073691878,0.803132642715383,9.22674714083404,6,"M"
26.0493730171584,25.8017356710305,2.26719371664172,10.390980438825,6,"H"
26.3419676898047,20.0776968430728,0.688794709131978,7.58643249283446,8,"R"
33.9583465829492,35.0400556704465,0.833782693818692,11.3684091234922,9,"O"
33.0812654644251,48.316628669662,-2.49211614916345,9.94910070451427,9,"B"
31.9854558492079,80.6899552895725,-1.84090275042728,9.17270842083854,6,"G"
33.2449240540154,49.6569302466638,-2.12781779324349,10.3747969710221,1,"T"
31.8179997405969,76.2241271659177,2.22796541862196,8.53020163604534,8,"P"
27.6167893246748,15.7825498329476,-2.03366738558305,7.76453519969831,8,"Y"
32.5289655500092,24.4029487388643,-1.18618721962414,10.8502439152794,9,"L"
34.2866330035031,98.2562470385685,0.45038142911594,13.8943357202832,6,"Y"
28.1160821812227,4.56814285565366,1.49935170764752,9.284639836438,6,"F"
26.3989478209987,0.441348579632677,2.16908349517633,10.7189994230196,8,"R"
26.0808694828302,7.7703302253437,-0.977172811516254,8.36264085473078,9,"H"
32.331222279463,8.9482235950863,1.1701342176526,10.494814467718,9,"I"
27.3271276173182,22.6362960307363,1.1877328952017,10.0440355747975,6,"A"
34.0205194219016,57.4111204569168,-0.945141202398078,8.74175561050243,1,"N"
26.0501497425139,12.2180128376931,0.722253565970082,10.3816552246654,8,"D"
29.3729886808433,3.80300153978169,-2.50752457482299,10.1282576824336,8,"F"
30.1926258136518,39.4402316851977,0.347685611312147,9.65882676502357,9,"Y"
27.5384141481481,34.4759619689051,-0.242141020389446,9.6127226354799,6,"V"
30.8593612513505,20.1241313293576,-1.69145236671329,9.75038132057319,6,"R"
26.383262258023,12.3973993303658,1.0326828444838,9.59314033599965,8,"W"
30.6344370241277,3.4261884028092,2.19673874434029,10.0854651431757,9,"Y"
30.3070247638971,7.35179125965867,-0.010517982979713,11.5252421072681,9,"S"
26.1522704712115,41.927592412012,1.08529921819246,9.36427290917611,6,"T"
28.9724868303165,2.10856855875426,1.95554158279899,6.42444637064134,1,"S"
27.1713399188593,56.6975145575531,0.361615343363341,8.65475554268541,8,"G"
33.1935910484754,45.4205290423217,0.823074586724773,7.98513405117766,8,"D"
31.4057964249514,53.4274973695107,-0.460888084115266,8.4756159423803,9,"E"
26.9712154497392,3.93013958819211,-0.473465010690276,9.25191631145075,6,"C"
34.005384221673,3.48038733936846,0.294740516101977,11.9231033935796,6,"S"
25.1297422451898,56.1770581056304,-1.10368076489124,8.65079190575947,8,"F"
34.0285220951773,6.66515916120261,-1.6636161447165,8.0491726814673,9,"I"
27.8691654489376,2.66314674435364,-2.48538275359769,9.34928161234959,9,"T"
27.3175088246353,12.3023636595264,1.16394945685086,10.2336951683631,6,"T"
25.1839287299663,10.1348538425146,-0.274352424461497,6.40754762752648,1,"K"
32.1372628770769,0.902310954406857,-1.56241067876387,12.1926309976859,8,"W"
31.9488741341047,42.3231099148221,-1.4964953177403,9.36692604602811,8,"Q"
31.9883685861714,56.862085626734,2.31933142126375,10.4758131787927,9,"C"
25.482827888336,11.670236141718,2.62232619377817,11.0110286460753,6,"R"
27.3895349283703,38.1564610438857,-2.88505308353764,9.98253474185881,6,"A"
25.6441096612252,9.46874817833304,-3.37934708225901,9.46867237448477,8,"Q"
29.2362412414514,29.7352602133963,-4.00272569044414,7.84544989707274,9,"U"
31.3669102429412,85.8898646266283,2.24402136731925,11.5661206763612,9,"M"
28.3387324400246,67.0559251131877,-5.82600193969643,12.1027898390743,6,"W"
27.2309735254385,10.5262834858149,3.39038222429225,9.54334701333185,1,"V"
28.9453801745549,47.4265194986773,-0.131561539375869,11.7220147012786,8,"W"
30.3037667623721,68.3900699898026,2.33147817182783,7.45667595364884,8,"R"
26.1405728710815,47.9077577402603,-2.49310351741477,7.78693684262193,9,"L"
34.3164007784799,49.7302767331031,3.63446869411707,9.65730619187065,6,"N"
34.2893031705171,2.81278167446045,1.12193094358143,13.3448260846506,6,"K"
31.6332201450132,27.9436478131741,2.82431551391036,7.17172020633386,8,"R"
30.4623626777902,86.7870003679648,-0.38805983302656,7.6217621513167,9,"A"
34.3489676527679,53.5570051495857,-0.53039797561713,12.9579724339743,9,"H"
34.0426911227405,65.7562094702761,-1.60255320549926,7.90919256638121,6,"Y"
34.2704471154138,26.5797380630014,0.478402909808603,13.9541037075654,1,"C"
32.0171232754365,12.9788614902645,1.58883998316112,9.67892898362415,8,"E"
34.0002258098684,12.9881670931354,-0.533687667788372,10.6939525446345,8,"N"
27.1307801338844,21.6578451761392,3.99622236838929,9.34175384997042,9,"W"
32.5165982521139,51.2634825448837,2.68109863117533,9.73218092082896,6,"D"
32.648211021442,8.62711423257531,0.737383296425878,10.6840824145561,6,"Z"
25.7313554757275,45.7971386622369,0.907709916703927,9.65666005808577,8,"K"
30.7233257149346,106.544284034923,-1.78059870032846,7.27078762018829,9,"Q"
25.1305177388713,15.1427462417632,1.1548730451307,9.15449962251551,9,"M"
27.2278404375538,100.632259095634,0.460510850566662,12.4328737145844,6,"B"
27.9731063521467,5.65245989710093,0.572234372968621,7.8829283852569,1,"L"
30.7488294271752,45.3755123390166,-1.36151015557364,14.2247261014243,8,"S"
29.7550142463297,31.3466456897064,0.302070190014783,7.73424084626695,8,"S"
28.0992261716165,24.1152507426653,-1.73339582119096,11.0465502751545,9,"F"
31.655634646304,42.875889097121,-2.69313100350784,12.7912392473141,6,"O"
32.6708931056783,24.1629783330921,-1.54730075527617,11.5077779276122,6,"G"
32.6282709510997,37.2307552198384,-1.97240538049379,12.1576951414564,8,"Y"
32.3247960256413,8.27584700658917,1.98466064222302,8.40893760690182,9,"G"
28.1426368094981,52.633039911551,-2.23914948192276,11.4397993980863,9,"W"
34.7293953550979,68.8262434452217,2.08398235663282,9.78739002913987,6,"M"
30.7128613325767,13.4052008187852,-1.72820566704929,11.9795987988891,1,"Q"
28.5992712224834,51.4331625376768,-1.15194710544487,13.1828365245494,8,"V"
25.8939858316444,54.3335579683013,-2.25272268571024,12.653488765919,8,"U"
31.3147357385606,29.1625549186699,-1.48989761818708,10.3593022638795,9,"M"
32.1274819900282,18.7723787734285,-1.0653098334526,10.8571148110317,6,"Z"
25.6681660586037,1.51943004817645,-1.28243086850422,11.9251994546949,6,"I"
30.1624437491409,34.4111350166116,1.7804087465737,8.41780728656783,8,"H"
31.8635932239704,10.6055048201233,0.490808167389765,10.3081266112342,9,"C"
31.801861631684,41.3585814355377,0.479665263175244,9.28168880798115,9,"J"
32.918979509268,23.4260347286675,-5.2780628593282,11.4788002961658,6,"L"
34.5321611920372,12.3989161429927,2.02705451477674,14.1898828348974,1,"B"
27.5998097890988,28.6547500813816,3.92224409764466,10.0315353319753,8,"W"
25.9223087690771,27.4770679353391,1.06471750415739,5.23720880942766,8,"J"
28.586581882555,22.1840641634975,-2.32372114554209,10.9131065320234,9,"T"
33.207814602647,1.29530659876764,1.67960366790487,11.211181746118,6,"V"
33.632560679689,24.7369218605075,-0.960828389511868,9.83762705776562,6,"H"
28.3720474992879,3.31953333294494,-2.67262040791583,10.7544871355272,8,"H"
25.1084168208763,1.1417454527691,0.33508363328006,8.68023444554734,9,"X"
28.2557208300568,7.28794145397842,3.22974303809098,10.2814893522789,9,"M"
33.0707277567126,31.5051880000595,-0.244465573132553,8.60364954805295,6,"F"
25.9535856521688,56.1835187648363,0.874329968321974,12.4574460267407,1,"K"
32.8514559892938,1.91535773996236,2.2567334258574,6.93000768427346,8,"J"
31.9409110280685,35.3068698930059,-0.31675702720612,6.66608166038823,8,"A"
33.9864937029779,4.00077341124415,-1.66827308858255,9.21328351281444,9,"I"
34.844455155544,5.06025530397892,0.605801501523759,10.0028637157653,6,"V"
28.8433570880443,21.2400331521843,0.81828857634721,9.8264925228711,6,"X"
32.7158637787215,0.121121448464692,2.2635871816187,10.9144102738868,8,"J"
30.3311178321019,18.4011940704659,0.366553171530145,9.37748225818311,9,"R"
27.0341435959563,16.7857023049146,-0.416381200370843,11.2899780494807,9,"B"
32.6639208686538,0.231291565854865,0.206209429951767,8.11185752898883,6,"C"
26.4713277597912,20.7076195254922,0.435167594627663,10.5465302562695,1,"B"
29.9384282412939,17.0647251605988,1.53853534388799,11.6919878498359,8,"G"
29.8828065674752,2.44633440859616,-0.841587322593771,10.3467680762902,8,"W"
25.8679088111967,38.3687816082004,-0.0194860448703981,11.4875876038503,9,"S"
25.1254137675278,26.2999509463796,1.34786732360731,9.89086680711336,6,"Z"
34.0818204567768,42.0157617484883,0.0486653457616532,9.29980467234759,6,"S"
34.0761526208371,36.6025352372292,0.540330751192816,7.40497254934319,8,"C"
25.1599645335227,76.6883064912695,-0.993042926729224,8.23171907025986,9,"K"
34.9536971352063,6.2216195484704,-1.51289159410829,9.09334016054366,9,"W"
28.9502712641843,28.5196853694844,0.3854222077394,11.8780934479818,6,"Z"
33.0613566050306,7.23518919199705,-0.362181570168595,12.2276167715572,1,"A"
33.2364185363986,32.4790803516719,-0.619329086065558,8.54831395092538,8,"K"
26.9872453692369,20.6879157247022,0.303029521499272,11.0403808744714,8,"F"
30.9039186639711,26.5926463889394,1.62100480551847,11.2038094807688,9,"A"
26.9123582006432,5.31065303832293,-5.50855689050745,9.65485384957458,6,"E"
34.2112135305069,11.877181394957,1.72964865097349,5.84605307995751,6,"R"
30.1624504732899,0.620499753787173,2.0761611942119,14.6680590718584,8,"H"
29.9230902548879,72.9860783889334,0.0169716867439777,10.5288890134237,9,"S"
31.4639009418897,29.2724963730637,2.28323839288434,12.6749472602926,9,"X"
28.6345621035434,46.8762050357587,0.928634485705953,9.62959501053648,6,"P"
28.2091025612317,23.4586871868435,0.860704445876847,11.3910401380041,1,"U"
27.0190197229385,72.7548421322744,0.306231104436231,11.5675466484176,8,"N"
26.0160288563929,37.2979563182656,-1.38788013107175,8.62366133932009,8,"W"
29.2694998183288,103.546020532574,0.266483922142247,7.27524185173184,9,"A"
26.123006711714,20.224624145776,-4.68083406732883,11.8535474507097,6,"B"
28.620564409066,22.2708842726048,-1.14950712076788,12.3657260109498,6,"N"
34.2147977673449,23.794299539781,2.04959616125797,8.86835754148156,8,"N"
28.178575085476,6.7102799937129,1.66472062761428,7.28034081732675,9,"E"
26.3026075973175,0.824270705903574,-0.879160060556015,11.810690399496,9,"Z"
25.8423136989586,4.23642402514815,-0.137729526356799,7.78669586028328,6,"X"
30.948388830293,35.1295497535232,0.318780471383877,8.5376050688081,1,"J"
32.9685673955828,23.0738452851543,-0.319020463485443,6.71497519564396,8,"X"
29.0072711277753,56.3117367376514,-2.94672497845176,10.3217144327796,8,"Y"
30.6839997088537,3.85604065842927,-1.18829752532,9.56012836986835,9,"P"
30.1682397327386,12.8402026835829,-1.32188672993115,13.6969303967086,6,"M"
32.5451857224107,26.8771561222587,0.677441192770249,9.85620715228487,6,"R"
26.6021684347652,41.8519248555844,-3.02166700400281,12.8230099228776,8,"M"
34.0875520231202,29.9987050785188,-0.113089142895661,10.5489467916891,9,"K"
32.0304744364694,5.05355867626762,-2.45690479168499,9.22228952981005,9,"F"
27.7023989357986,9.46952388156205,0.320986463009742,11.7338384562117,6,"V"
28.9303023181856,43.2153622780867,-0.942436006908294,11.6358460750601,1,"G"
33.9975224644877,21.1367828852001,0.379678541885409,11.3896370936341,8,"R"
30.9554137685336,12.0669528750113,-0.319228989061992,10.1492959425279,8,"L"
33.8707470567897,1.04031555354595,0.886154925205348,9.9926897392576,9,"O"
34.653278759215,49.3411045084056,-2.92012952625025,10.6139199366306,6,"I"
27.026615741197,42.9955435146518,-0.666763546390292,11.2627553959768,6,"R"
26.2480202200823,32.329885571713,-0.336712170189558,9.32967929916202,8,"S"
33.6628154851496,89.0238719383135,3.0317511065229,7.07398818965811,9,"D"
25.233633746393,13.2690237446453,0.408546263883928,10.0371652370157,9,"I"
26.1832889867947,21.3897154007334,-2.37319868187612,12.2464076723432,6,"R"
27.876151772216,68.2490376531522,0.669865915114661,8.08555976763168,1,"C"
31.5955637628213,9.56959472503513,0.126372459350381,9.44420289997432,8,"Q"
26.1200590035878,117.452595842289,-0.502325231158474,11.6704325602842,8,"R"
25.2613730216399,32.6431651587102,-2.27912415165829,10.3757164613702,9,"I"
34.3106159358285,37.7534696167771,-3.74708515452282,6.60482756068698,6,"I"
26.4003614382818,45.2871716639674,3.15151719647387,8.66223034998694,6,"G"
27.6445243507624,143.769733264931,2.145105423173,9.9760943754651,8,"E"
31.3220997154713,46.4240447908771,4.27223492076998,7.07657983607194,9,"P"
32.6118495850824,15.9510431696651,-1.43051498778868,11.1796095307995,9,"B"
32.5456733978353,46.2419565998402,-4.97001653507257,9.70246435338293,6,"I"
32.4899827642366,3.91281368687296,-1.1140602673986,8.31863305937003,1,"I"
31.2959174369462,90.4501493224755,-0.815383809222762,9.03343163470514,8,"V"
26.9085937691852,68.2931506037157,-0.313166482758828,10.2275995423762,8,"Q"
28.3814620948397,2.59283295065457,-1.1784895236034,5.38440895657924,9,"R"
26.3323692977428,2.76727154385298,0.0333648430424754,7.80655772418366,6,"G"
25.5915159313008,87.2311276189832,-1.39039191530571,9.51394909897298,6,"I"
32.0922073232941,36.4209477590833,3.37101987231739,8.78508215465524,8,"A"
27.1708283456974,1.18358223739027,0.278223291869705,12.3933391812293,9,"O"
32.7654224261642,6.39054033905268,-1.82316584207684,8.88189604115548,9,"Q"
32.3910938226618,12.1733014332131,-0.0130715079569696,6.23181251146375,6,"O"
33.1011421792209,24.003275054178,3.80933402534942,12.7632048567029,1,"C"
27.3849317198619,21.3107252829538,-2.70092201157835,11.0813437155453,8,"W"
27.9770258488134,8.33896637071163,-1.18835169698107,11.4761246395931,8,"A"
25.7642622338608,5.57715315031719,-1.44311058157341,10.0405234003152,9,"A"
30.3854395798407,19.047160288319,2.98982767121636,9.08423025356722,6,"Q"
32.8596938890405,61.9474247817822,0.25340898839185,9.91307912864101,6,"G"
28.6074288468808,33.7447451042447,-2.62056023769215,5.99860224140691,8,"N"
33.044735789299,0.68051200825721,2.17411689506977,12.7761685389912,9,"L"
25.4172505741008,15.3726535197347,2.98715502438411,9.85218849130653,9,"C"
32.0171894039959,11.229391512461,0.423124504571078,8.83582499038263,6,"Q"
31.347843836993,40.3765903214428,-1.71095209059496,10.0174952082191,1,"V"
34.1221837606281,64.6947273760479,-1.34374058412577,10.7248621378202,8,"E"
27.5003733532503,65.7329788916134,1.53483640411993,9.82209357495353,8,"B"
32.4196969764307,25.6427111091528,3.3059587963008,7.34080403260519,9,"Y"
26.0163925215602,15.6477355537936,0.976157006017271,10.9811148151347,6,"M"
27.7574574179016,51.039724552346,-1.11189953956555,10.8569659379341,6,"T"
27.5841627037153,43.6439042326934,-2.30668815243975,11.2509163232774,8,"O"
26.164220275823,82.2356077804606,1.93747245657717,8.2702756153594,9,"D"
26.8509232602082,39.7931828989152,0.661164780553032,11.3136255111921,9,"C"
33.5528545617126,0.764770670793951,1.29913780046371,11.2748722369807,6,"S"
31.4828424947336,19.3131225323305,-2.72342383113012,11.8548801480201,1,"R"
32.6631512725726,110.205776703762,0.0624902215363746,9.59917236131617,8,"K"
34.6361894812435,67.2759967936862,-4.06749124846445,6.04543483119874,8,"Q"
28.7051626876928,4.68928157002326,-0.4245240911608,9.95987277413152,9,"T"
32.5896324287169,74.0723547115367,1.14181103490845,10.1509310063512,6,"I"
27.3510350729339,44.6074430619307,-2.99098619894217,11.4063493985141,6,"E"
27.8365066437982,14.061581127851,-1.77172912787069,10.4001105874078,8,"R"
33.0823592678644,18.265261631459,1.9924867616748,11.5193959845785,9,"L"
30.4000301542692,63.7218627854626,3.02376949351078,11.4951068209438,9,"U"
33.9644776610658,62.1266293686755,4.15001904307752,11.2223004652174,6,"B"
25.5015183612704,67.1339932977598,-2.3158865393829,7.80525595426621,1,"C"
30.6698708143085,2.58991091977805,1.62651254808573,8.30788550679932,8,"T"
28.5723864124157,19.780880631879,-0.0588549826766255,9.27131652863269,8,"I"
26.8205271987244,42.2801431167843,-0.688613149104262,11.4134489739671,9,"G"
29.1184195969254,37.5852072412584,2.64667774628736,14.4763295721936,6,"M"
32.9089221870527,8.68748978711665,-1.33879337671246,10.2566670323928,6,"U"
28.0066682514735,35.7514220939808,1.00107647146902,11.0518998865125,8,"I"
31.8431408167817,10.9949382115155,-2.42985611087988,8.74360692851375,9,"P"
25.1755305263214,48.5779931184776,0.484348465933116,9.11741462284024,9,"E"
28.2602382567711,9.09597070712334,3.16709815506337,10.4063849895515,6,"R"
33.0683350772597,19.1152320150286,-4.28232056612224,10.0402459032985,1,"D"
29.3858975009061,75.9471022486131,-1.41127465133155,9.00831145484994,8,"R"
30.9541608579457,54.7752279390521,-0.49707751674026,6.27911602384408,8,"J"
30.9387025726028,40.6875284189794,1.92539120374933,7.40291075574475,9,"K"
30.2306192577817,0.746340262703598,0.707894883853213,10.8345960861068,6,"F"
25.3808859968558,23.4672175973747,-0.522333606655915,9.91350854084905,6,"L"
27.5557955098338,4.96737906709313,-0.314836292930173,4.94463331913955,8,"Z"
28.361470203381,5.16301169525832,0.646088593274343,7.61196915865789,9,"Q"
32.0718738390133,6.82445285841823,3.46044341838691,12.2060341365392,9,"M"
29.6041381382383,80.4627382643042,-0.974006092676509,11.6623679784006,6,"W"
31.3523559551686,68.4416290893595,-2.38475101228568,9.14409413920155,1,"X"
25.0665661203675,6.04087283741564,3.17705982410065,11.2432316006856,8,"I"
29.3786006141454,12.9216972419976,-4.82667043740877,8.35752263556722,8,"Y"
26.8735993979499,20.0614897627383,-1.21124237278273,12.3207080121921,9,"C"
32.6627679984085,114.60290075581,0.469990448391608,9.85710627808249,6,"I"
25.5781248095445,37.6892098119918,-0.6295713230399,10.1510342954805,6,"M"
27.4818582111038,13.5906505957246,-2.577160282798,11.4775412192089,8,"C"
30.4390240623616,36.6934020245884,1.55815647028397,10.5337567213,9,"A"
31.0940622445196,3.11177416238934,-0.195193545559574,12.7281708052071,9,"K"
30.1365500572138,17.9547258350263,0.539492029264168,10.8975945489008,6,"E"
33.3760698861443,12.7984336484224,-0.605718782133439,11.323108099856,1,"Z"
28.7468240316957,11.3055011336338,1.04023818977658,9.61840377642849,8,"Z"
34.5203615934588,27.5192971049312,0.891581938584303,11.8673032377566,8,"K"
34.3116916669533,3.68766401987901,-2.1467640658523,16.1613734050287,9,"J"
25.5337440082803,46.1094124224631,0.520731190255806,8.12923200125772,6,"X"
30.5985537404194,18.9955358812585,2.15154977808661,9.34680837626199,6,"F"
26.1417485540733,36.9294290138844,1.58501643745826,7.42541564233023,8,"B"
26.4027198730037,56.6074268122144,-2.41678127394475,10.4168408493662,9,"Y"
26.7380562587641,77.9915219693821,1.09231523879301,8.07905287631445,9,"K"
31.6365452716127,17.0854028407484,1.59847535922158,15.0582251776173,6,"Y"
32.6708915480413,7.88419851567596,2.91653653649653,10.0663637085294,1,"S"
29.3602443486452,71.1284140645902,1.16491801447219,10.6819711174715,8,"X"
30.8656656020321,18.5459128394723,0.76526672948473,8.58546859185643,8,"I"
27.3209599894471,47.6665694427617,-0.781108450861058,9.16489540480556,9,"W"
26.2602628092282,0.526260975748301,2.81008514997338,9.24641352709492,6,"N"
25.1487738383003,101.269183377351,-2.23412445989466,9.61099151973423,6,"M"
29.6925012418069,48.1056440749243,0.955454220275186,11.3533055294659,8,"N"
31.7010027356446,8.38321996852756,2.26116746506119,9.35782875770901,9,"T"
32.7032555523328,15.5986144021153,-2.48092006790074,11.1370144644739,9,"N"
25.2183378092013,47.61372377458,-2.24509739352397,5.57301089026858,6,"N"
32.5182179035619,87.2631250163774,-1.59055829827783,9.2322743218206,1,"V"
25.6131563615054,39.0565966429625,-0.14725856217295,6.32059192879449,8,"S"
29.2446360853501,31.6351695811812,-2.46847577261452,13.0611658003812,8,"U"
26.527830096893,3.31489004745181,1.79770203733429,6.85643798553386,9,"F"
32.2951493179426,11.3591613387689,-0.639498526887475,13.367126601278,6,"W"
34.1631818795577,50.6282336798437,-0.776387198373726,6.85284322758489,6,"S"
33.9092236710712,58.668791723711,0.0455814091081973,9.63784401445183,8,"W"
27.5705983838998,33.8149000132892,0.821620111827501,10.1834718770655,9,"W"
34.579559660051,69.4426226764362,0.109715911513461,7.89158627152853,9,"F"
33.1088461540639,15.6060745613649,2.8144152089602,8.34883411624874,6,"A"
32.2656231466681,31.1498298906855,-0.58406350041561,10.9778874639876,1,"Y"
28.3712354535237,12.2131033614278,-0.919533611785189,10.2842859334428,8,"P"
29.1010843263939,23.898047637672,0.49275817798664,9.36927556987327,8,"X"
33.966742134653,7.32522914651781,-1.47462798300582,10.7803029562993,9,"A"
26.2379046622664,139.282807066926,-0.837420316316393,8.91522299926853,6,"K"
34.3475492461585,5.06802281046601,0.428955919332971,11.8014932940495,6,"N"
34.5920999953523,6.36894556693733,-0.666264592537463,8.05745535573185,8,"N"
30.3278309013695,102.295206780161,0.0391702969803435,7.52128843480209,9,"Q"
28.080153579358,0.62252742704004,1.58657865950058,8.74103967761526,9,"H"
33.9674261468463,26.6936293790553,-0.666276210241501,7.49527193609242,6,"C"
30.5888812802732,1.5744937537238,2.57384218238358,10.7067168822612,1,"X"
30.5215448210947,7.68343919595122,0.375294237290986,7.60857308309954,8,"O"
30.8887448930182,47.9099557151027,-1.97737667186418,7.1046550109074,8,"L"
34.6604581666179,6.83291801081081,3.18745361663899,12.0781147165852,9,"J"
33.8282747636549,15.0042437575758,0.879097010301939,8.71199687290952,6,"J"
33.5645050625317,22.7575113541425,-0.361243793550281,11.2291786542909,6,"D"
30.5532829673029,297.929906045138,0.788599310316362,7.04636831680655,8,"N"
28.3730425708927,22.2592959633533,-1.14277165818556,10.6448574370669,9,"I"
26.8974732211791,17.3351891571656,-3.97272532086295,8.87607429500844,9,"H"
34.039119228255,16.2567532947287,-1.35894035037782,12.9909791296964,6,"O"
29.2630947451107,37.6878969544981,1.79138571467158,11.5468511868496,1,"M"
30.8744416665286,29.4315073905948,1.14961286624542,10.7442837682929,8,"G"
33.3243079017848,4.5943202264607,-0.085211618976115,5.87113796608525,8,"O"
26.6150105930865,38.6953982791368,0.463300761622052,10.7475251296281,9,"T"
25.9018560033292,6.81386035284899,-1.33817270663129,8.44721446466904,6,"H"
27.9948860337026,2.9603720549494,1.262735960578,8.71919844756794,6,"L"
31.310962040443,76.1395735707836,0.766960347339012,13.4967401313433,8,"N"
33.1468771421351,4.67943158470686,-1.57926915198048,13.8975834823526,9,"N"
25.8240345213562,24.6743755123082,-1.23479847507251,10.9297740862272,9,"R"
27.6410093647428,4.03586219523091,-2.18409342886856,10.4035701902632,6,"N"
33.0128491669893,48.23642860846,1.35989882404787,12.0956499709368,1,"I"
32.6400351966731,3.28291053968506,-3.26651604882919,8.41560125189978,8,"L"
25.4709453694522,74.4107357207478,2.23758200225773,8.59909848744464,8,"Y"
31.8962177215144,2.286182169053,2.07376451521571,7.20681898141019,9,"F"
31.1418810626492,7.05831942614168,1.04532716775788,16.8634636830574,6,"O"
29.2861388949677,69.1636199652593,-0.644088283503322,8.44543357441287,6,"N"
34.8834069422446,71.3836473747533,2.49128964530609,8.92889188665013,8,"N"
32.4389894213527,47.7784543831773,-1.17084402567044,12.3628245579176,9,"U"
28.5348600731231,23.8135016696963,0.374630626725953,8.72753916819573,9,"G"
34.6302365977317,39.4915228696976,0.549542862212686,11.3980336301743,6,"A"
25.6244292459451,29.5243237248126,-3.41032977908813,9.17520666781776,1,"W"
33.0399101157673,1.22085072565824,-3.75662580177186,6.87749768101004,8,"M"
33.0168044031598,58.6275285084672,0.546634597625671,9.06047450963723,8,"C"
33.9467416424304,38.9428891974006,0.0196637313547528,9.23543839514001,9,"J"
29.1018301737495,47.9682491694517,-0.226883805908089,10.5548655704375,6,"M"
26.5777768450789,1.35785169290291,-4.45615322108057,9.12542754599557,6,"P"
27.5927943084389,0.316049004904926,-0.0263483080606883,12.4305397090555,8,"K"
27.7883212873712,48.7350215624005,-3.52936689073598,12.6164524256415,9,"P"
26.9271404040046,71.0593630521934,-0.752338417337759,7.15382928218605,9,"B"
30.3879129420966,14.9036205885932,0.016328796484024,8.61851127992635,6,"A"
31.3519579125568,6.49737973657502,-0.133006039209512,7.90963501387811,1,"I"
32.3200224293396,0.896498719230294,1.41601740537894,8.45488785982161,8,"I"
32.3863819660619,54.3859791730471,3.94707902963256,9.38199445771067,8,"K"
33.869157335721,2.2122127795592,3.53733948548763,11.7812355320902,9,"O"
32.3729523387738,2.78427345161196,3.22615819235461,12.8671104020791,6,"J"
34.5605225418694,4.59370183758438,-0.214777259116202,11.4991323343804,6,"X"
27.6354592479765,22.3914359021737,0.771072635474743,8.90810399276778,8,"Q"
31.1553994566202,67.612720072973,1.00352235448168,8.06264803507834,9,"A"
25.1512169861235,22.9761131374601,5.13704438933833,9.43205364255341,9,"A"
29.0838141227141,188.911141834986,1.61128402795249,8.80159943285691,6,"G"
34.2545798607171,94.9933370897427,1.09884139748303,9.86599772905465,1,"V"
28.0661231232807,3.05367437191308,6.74520063232363,8.209789419905,8,"O"
34.308472382836,39.9334325908188,3.30969253028398,9.94698315251593,8,"F"
28.6096245213412,0.143111413295266,1.4310869852156,9.49363501395103,9,"J"
26.6242989921011,14.8651974555105,0.239534560192101,15.0264202831608,6,"P"
31.9230990111828,53.2182468448706,-1.66361075668706,10.6471367695325,6,"A"
26.2877827486955,42.8587853157073,-0.641383908017729,8.92061860373125,8,"N"
33.0783218098804,7.49317612297665,-2.32909777609264,11.010299052883,9,"B"
25.4533169884235,22.943701895785,-2.33479665789357,11.9240132771153,9,"Y"
25.8999491739087,35.4488550519624,1.00691590665884,12.1627816462119,6,"N"
30.0059398938902,68.1923361648181,1.23545503735876,8.80122116788468,1,"E"
28.887925974559,19.8424814315513,-2.08242168123524,9.21780200006371,8,"F"
28.4247447177768,5.42613305951938,0.181748961330409,10.1890603393545,8,"E"
32.5228007766418,11.0312566487119,1.96780280145262,10.0848217238408,9,"G"
29.0816012676805,25.5205480276111,2.14100925807409,10.9673975102633,6,"O"
34.71319709206,82.827737718765,1.26247279397268,11.0980418196117,6,"J"
33.3378600259311,36.9492646759812,3.7645512058143,5.49144275299188,8,"T"
30.6725988350809,34.3465074977342,1.32997508834473,13.1295564721124,9,"F"
27.5018197810277,43.2691867251821,1.79163832645215,8.02188509546277,9,"W"
31.4734391029924,6.21509518940002,-4.54952855278938,14.1365961935096,6,"G"
29.4052454549819,1.88910694118144,1.57370118385791,15.4413163680056,1,"Z"
31.945361320395,20.6652253260836,2.01479948930816,10.8565928454227,8,"N"
25.0715138809755,17.8015032503754,-3.46452889508981,11.3108644715983,8,"V"
25.1442277384922,3.74721370460926,1.4172285585109,6.07082263195381,9,"X"
25.4491665726528,39.454421045861,0.578146670974891,10.270542272721,6,"H"
26.0845297761261,5.99956881254911,0.37070822747583,6.8542840133573,6,"E"
30.046229751315,111.961182815241,-0.936876614456198,10.013024892545,8,"H"
26.2847485300153,16.4091636193916,-1.44139209595593,12.2367763140533,9,"G"
29.5851011364721,4.26887425425008,-4.20574460758204,11.7900063667468,9,"B"
27.0338868140243,244.909672108586,-2.60085100026257,8.25168541908292,6,"V"
26.9375425647013,85.6005831012383,1.97840283222973,9.28238088419357,1,"P"
34.25210674759,1.01876130846032,-1.06524640286741,12.0126551081868,8,"G"
32.5079183210619,13.6521574482322,2.52652012558026,9.57198690822161,8,"H"
32.4033017270267,4.01429611131858,3.54259318694209,6.8102903789352,9,"U"
34.3903742427938,56.9951661650963,-1.3255755367375,10.0319650615844,6,"O"
27.693219864741,4.30365232431819,1.64781527237966,10.7184831168581,6,"U"
34.1520688543096,13.8243190152571,0.106263327070411,10.6312653165397,8,"Z"
27.9522462654859,23.9015319930825,-0.281684070783205,11.5338853963693,9,"F"
29.942465024069,45.8156403687723,-1.04041479095675,7.8851139386475,9,"T"
25.0498141814023,29.4068175441196,-1.28781910292216,11.0283813562113,6,"E"
25.4260623408481,67.3973205089014,-1.23193015955267,12.1167200580852,1,"F"
26.5865930099972,54.3332270507641,-0.553973213455895,8.99320783103868,8,"E"
31.4345665625297,10.9002714883536,1.38884733009471,14.1808337146435,8,"S"
32.9519203398377,40.8916551141504,-0.754249359910522,8.42074390188305,9,"X"
34.0166986407712,4.48570088949054,-3.76996677090578,7.75422949669397,6,"U"
33.7619671528228,129.158799305447,3.62868610158631,9.63905803896342,6,"E"
32.1443834062666,16.2208013841882,-1.02766109515241,9.19251447911295,8,"J"
34.6897296025418,57.9628351491816,-0.835770390453408,11.4317855535778,9,"Q"
28.4829264832661,4.99972587739186,2.28742158148829,9.36555844348948,9,"E"
28.9300106046721,17.7460101479664,1.60675154474206,10.6970872698241,6,"X"
32.740586893633,42.3894846414156,1.01184888023392,8.69406693220276,1,"P"
29.2918313667178,33.5820463845942,-2.72072227675071,8.59465573138982,8,"H"
27.5105791725218,19.620391507633,-0.470552810782086,12.0265847483875,8,"V"
30.2241554739885,14.3747196905833,-1.33097105082294,9.33522032377108,9,"U"
32.269759203773,29.8815659662679,0.135202647481848,10.0332757651732,6,"N"
26.5544237266295,8.70270989835262,0.947909234968167,11.6923107969318,6,"T"
27.6930030365475,54.7393101987369,-0.0758531137529632,11.1000034885669,8,"D"
31.8301053764299,90.5363453766822,-1.50841539122623,9.0255361406067,9,"A"
28.5267012636177,50.6365063586225,3.58800466142236,10.7323237553776,9,"M"
34.9324067356065,2.736791146106,-2.04478412296057,6.87022029274184,6,"T"
33.0810052482411,1.50041057089184,3.15163962440099,11.2273686607339,1,"K"
27.3746715206653,5.38747375365347,0.839099367065928,12.8742771017515,8,"Q"
34.6097589656711,2.32012509127478,0.0518487929115704,7.60283211210337,8,"X"
30.9008721751161,7.9246523603797,-2.36450841762549,6.99344021604957,9,"L"
34.33994947467,3.36641659028828,-0.180238089413167,10.6622615082819,6,"M"
25.6554679805413,25.7849766437991,-0.326994294185408,9.36483866330819,6,"B"
30.0256534758955,25.9425654529098,2.53479728579571,9.18557987137228,8,"V"
28.2424906920642,9.69686017837375,-0.993550255070189,10.2749741005553,9,"M"
32.5103193568066,7.55867948289961,-0.939985836087362,11.9201029023905,9,"W"
28.7165820482187,56.8047767666109,0.832067118845407,9.88180398781788,6,"K"
32.1514722402208,105.322507632183,1.19538686638563,8.98006309671064,1,"J"
30.3096966980956,29.6826880226347,-4.41308126557775,9.04438263014293,8,"X"
30.9744151169434,15.4695725301281,-1.48927307276881,10.4237630271177,8,"Q"
26.269193305634,94.3532860228672,-0.840500160825389,11.62807817113,9,"L"
30.2486589876935,84.5255356055596,-1.4549612483235,7.85538600014564,6,"K"
27.9699484282173,84.2209617540303,1.01962661111951,11.3531381369387,6,"O"
30.9665024955757,79.0966531693209,4.57000417066127,8.71558838190726,8,"D"
25.2481432259083,23.4222490141604,-0.545114929905774,8.11041722678868,9,"T"
26.973706735298,36.5604058640513,-2.57849090094564,9.1303762993038,9,"G"
29.2071997653693,8.74187872745097,3.82190088379486,12.5444160037258,6,"O"
33.7025100574829,21.0166227153007,-3.45809515944072,14.5683103440733,1,"L"
29.4413712760434,70.8563191592138,0.33949425032291,8.83699293625557,8,"J"
25.49511652207,39.54575182744,0.239821484888384,10.6287493703065,8,"T"
31.5399870323017,82.0391899495762,-1.43809081889965,7.34190254990416,9,"S"
32.2712123929523,9.12075171712786,2.70506209487921,9.32643350507888,6,"Z"
28.1752169015817,34.375810100368,1.71498922512347,12.57891486149,6,"T"
25.8845267025754,9.93101362679583,2.10476445693416,10.5876882450184,8,"W"
32.1409750287421,11.8851259443909,-0.973003102986396,8.14920482112352,9,"U"
28.8149930792861,13.8394685089588,-3.11092310951925,11.4833611749989,9,"F"
28.6718931561336,4.80568029807979,-1.56115350181927,8.49209593269084,6,"P"
29.5114627899602,37.4530683817778,-0.817202139569189,11.3357956997036,1,"J"
28.7874468788505,9.40787707921118,-1.8151140449113,12.4864314867088,8,"D"
29.7114610718563,25.0887866119359,-1.81682276615694,10.133567031336,8,"F"
32.5207161321305,22.9454951627616,1.10706780995729,9.76040437578763,9,"W"
32.4232473503798,131.417227342614,0.520917925198395,8.06043663734917,6,"S"
29.1066126502119,24.0940380176965,-2.64401498537299,10.4845510165815,6,"A"
34.5150020672008,25.5617257195029,3.11771015499983,8.98543642792915,8,"Y"
32.2724992223084,13.0957211460918,-2.10418424087385,12.4162581945236,9,"Q"
29.6988034620881,38.4471938057973,-1.634169962441,11.9091227000195,9,"S"
26.5268981433474,37.5437381944124,-0.34937807908313,9.81877383584882,6,"T"
31.5530692622997,10.9108537947759,-1.65770655390573,9.31932083723877,1,"U"
31.6371048870496,60.0455541883536,-1.71374989600511,9.05837005183893,8,"N"
25.5540980608203,40.221159410334,1.97066192419455,9.63192472802004,8,"H"
33.289856754709,14.6302891289815,1.22084365035851,6.39974087968465,9,"X"
30.4815413011238,31.0318217786465,-1.35973960227626,12.537208322756,6,"H"
29.2639083694667,1.04430661198877,1.6784651473939,8.27115548382732,6,"X"
34.6235696319491,27.1155004709905,0.874005990411316,11.8706778629717,8,"H"
25.9418156906031,3.04571141023189,-1.83350528762349,8.2996435061218,9,"M"
28.077312449459,16.4778143540025,0.787706982846212,7.97684257359085,9,"I"
29.468186981976,8.0448305234313,-3.24012871290942,10.3873588216425,6,"Z"
31.9917205465026,52.6349531088896,0.899845644312559,11.0140697265828,1,"W"
30.9511437732726,21.0954923728917,2.68819620345884,14.3526704563501,8,"Q"
32.0600959961303,21.1964342047764,-3.98937782819326,7.29878781734847,8,"R"
26.577971582301,47.0889694777258,1.2824732567422,9.99180702181523,9,"W"
25.9890231513418,26.6538450947467,-2.29345334716846,7.31287052158235,6,"A"
29.8660471779294,24.3314662935648,0.868756015039125,7.77802915434343,6,"V"
32.7544546523131,5.8111514821711,-1.68500962164096,10.8453007915261,8,"I"
34.5622371719219,79.7344740256112,-3.88451123903594,10.8308367299014,9,"H"
27.5563716655597,59.6687424902744,0.405325719095786,11.277497083279,9,"O"
26.2465656083077,27.7346007885847,-0.00874365447771639,6.87554840616013,6,"H"
26.0599467763677,10.1670043263584,1.6931022043266,9.9961443928353,1,"M"
31.1747230845504,33.3256946212117,-0.666754693240693,7.72918186920778,8,"G"
31.987190595828,13.5361942002763,3.62563397069959,5.7354648286467,8,"T"
27.8871783381328,13.5672675584681,-4.51007707057313,10.2480196386514,9,"S"
26.0943543864414,9.28835385013372,1.05557205062547,14.6524476310977,6,"Z"
25.6484307488427,5.39296908304095,-1.01090995129465,10.6652049458922,6,"H"
32.5330115878023,12.3543206742033,1.43893623433295,12.7968444495163,8,"Y"
34.2668102658354,81.3560403659384,-3.60403146241082,9.59542647230538,9,"E"
28.0597775196657,0.624798498127293,1.13625657831157,10.7329732329048,9,"O"
30.5031848489307,45.3581156034541,1.76234525495519,9.14528248927493,6,"L"
29.3634147662669,30.3550568582926,0.777060089842158,6.39430472037863,1,"H"
29.6590523305349,79.9759324898379,2.56849802673074,13.8584768616979,8,"F"
27.9845397663303,33.3701270619843,1.39388500103946,14.0018033145301,8,"G"
27.0314824976958,32.4291531542752,1.1903248127508,8.23781784797856,9,"K"
34.3923041783273,2.89739120746389,-1.37332527656842,12.9327406633365,6,"B"
30.5463298014365,8.72968912124634,-0.00669637526851377,10.0396874372488,6,"D"
29.4056401867419,78.0873711555641,0.00308320092176506,12.4858241970717,8,"I"
34.4146201130934,15.456543895416,-0.519905163902171,8.4919574419607,9,"X"
32.531355319079,67.192835744361,0.549268306991306,10.6948766422437,9,"W"
33.1995823280886,36.2834563838754,1.74816775025818,9.5661087943484,6,"T"
30.5939545249566,21.4949320523504,2.04314044633417,9.94429668073171,1,"P"
34.4940049480647,3.85820937808603,-0.794309951792488,7.77130530643623,8,"D"
27.4410086194985,17.6737116789445,0.286860592800766,10.8602086075945,8,"S"
27.2546471841633,10.773081863299,1.51766146960066,12.989064606393,9,"I"
26.577514456585,9.4451867043972,-1.21114536318643,9.40091020916184,6,"B"
31.5840803436004,29.002489595345,-1.41698639454088,6.85592057971842,6,"X"
29.7163511975668,54.5936053966112,-1.17130728545013,10.1708402764202,8,"Z"
28.4013590030372,6.14146772772074,0.179741650950562,8.38268013453515,9,"D"
